Disorder,RadixSort,stdSort
0.2,1.79942,2.98978
0.4,1.52772,4.15242
0.6,1.86128,4.93426
0.8,1.52067,4.99525
1,1.5405,5.14865
